GeoFIPS,GeoName,Region,TableName,ComponentName,Unit,IndustryId,IndustryClassification,Description,1997,1998,1999,2000,2001,2002,2003,2004,2005,2006,2007,2008,2009,2010,2011,2012,2013,2014,2015,2016,2017,2018
 "00000","United States *", ,SAGDP2N,"Gross domestic product (GDP) by state","Millions of current dollars",1,"...","All industry total",8577552.0,9062817.0,9630663.0,10252347.0,10581822.0,10936418.0,11458246.0,12213730.0,13036637.0,13814609.0,14451860.0,14712845.0,14448932.0,14992052.0,15542582.0,16197007.0,16784851.0,17521747.0,18219297.0,18707189.0,19485394.0,20494079.0
 "00000","United States *", ,SAGDP2N,"Gross domestic product (GDP) by state","Millions of current dollars",2,"..."," Private industries",7431991.6,7871499.7,8378315.3,8929320.4,9188887.4,9462019.7,9905898.8,10582458.5,11326368.9,12022614.1,12564794.5,12731236.5,12403879.9,12884088.6,13405520.0,14037518.8,14572341.0,15250030.3,15878808.0,16319357.0,17031690.0,17989359.0
 "00000","United States *", ,SAGDP2N,"Gross domestic product (GDP) by state","Millions of current dollars",3,"11","  Agriculture, forestry, fishing, and hunting",108636.5,99756.5,92590.4,98311.7,99835.6,95629.0,113953.5,142945.2,128346.7,125130.4,144062.3,147244.0,129967.8,146299.0,180944.9,179572.7,215600.6,200841.6,181220.0,164913.0,169225.0,164188.0
 "00000","United States *", ,SAGDP2N,"Gross domestic product (GDP) by state","Millions of current dollars",4,"111-112","   Farms",88136.0,79030.0,70934.0,76043.0,78093.0,74033.0,91105.0,119356.0,104459.0,96264.0,115665.0,119476.0,103102.0,117629.0,152249.0,148939.0,184621.0,167940.0,146376.0,129458.0,132818.0,(NA)
 "00000","United States *", ,SAGDP2N,"Gross domestic product (GDP) by state","Millions of current dollars",5,"113-115","   Forestry, fishing, and related activities",20500.5,20726.5,21656.4,22268.7,21742.6,21596.0,22848.5,23589.2,23887.7,28866.4,28397.3,27768.0,26865.8,28670.0,28695.8,30633.7,30979.6,32901.6,34844.0,35455.0,36407.0,(NA)
 "00000","United States *", ,SAGDP2N,"Gross domestic product (GDP) by state","Millions of current dollars",6,"21","  Mining, quarrying, and oil and gas extraction",95061.5,81691.6,84543.2,110581.3,123924.3,112417.0,138999.8,166517.5,225677.5,273321.6,313962.9,392174.6,275840.9,305838.1,356315.5,358797.6,386518.6,413005.2,257852.0,216218.0,268619.0,321119.0
 "00000","United States *", ,SAGDP2N,"Gross domestic product (GDP) by state","Millions of current dollars",7,"211","   Oil and gas extraction",55060.3,39065.2,44060.3,68240.3,76128.9,69887.5,92897.9,112984.6,156002.4,178895.2,205883.1,271526.9,172888.7,188822.7,218093.7,223767.4,255103.8,275220.2,151805.0,133649.0,174755.0,(NA)
 "00000","United States *", ,SAGDP2N,"Gross domestic product (GDP) by state","Millions of current dollars",8,"212","   Mining (except oil and gas)",26501.3,29004.2,29343.7,28514.3,28059.1,27319.5,29245.3,33623.8,42877.9,51813.3,57968.2,61276.8,61569.8,69496.9,76367.2,66647.6,62140.5,58570.0,51506.0,49753.0,54228.0,(NA)
 "00000","United States *", ,SAGDP2N,"Gross domestic product (GDP) by state","Millions of current dollars",9,"213","   Support activities for mining",13499.9,13622.3,11139.2,13826.7,19736.3,15210.1,16856.7,19909.1,26797.2,42613.2,50111.6,59370.9,41382.4,47518.5,61854.5,68382.6,69274.3,79214.9,54541.0,32816.0,39636.0,(NA)
 "00000","United States *", ,SAGDP2N,"Gross domestic product (GDP) by state","Millions of current dollars",10,"22","  Utilities",171479.1,163684.7,179865.5,180122.4,181332.5,177617.8,184029.2,199216.5,198142.9,226848.4,231907.0,241686.3,258241.0,278837.0,287459.1,279650.6,286340.2,298154.1,299036.0,302715.0,307496.0,319427.0
 "00000","United States *", ,SAGDP2N,"Gross domestic product (GDP) by state","Millions of current dollars",11,"23","  Construction",339551.9,379790.4,417600.4,461340.8,486484.5,493559.5,525240.4,584642.8,651816.2,697082.8,715327.2,648879.4,565646.7,525125.8,524431.2,553418.9,587552.5,636442.2,694934.0,745508.0,781413.0,839994.0
 "00000","United States *", ,SAGDP2N,"Gross domestic product (GDP) by state","Millions of current dollars",12,"31-33","  Manufacturing",1382889.4,1430609.5,1488933.0,1550194.3,1473849.7,1468491.8,1524213.1,1608098.1,1693441.4,1793844.2,1844745.0,1800843.9,1702135.4,1797010.2,1867565.6,1927056.7,1991904.3,2047350.6,2123023.0,2085164.0,2179633.0,2334604.0
 "00000","United States *", ,SAGDP2N,"Gross domestic product (GDP) by state","Millions of current dollars",13,"321,327-339","   Durable goods manufacturing",823792.8,850712.2,874869.6,924785.6,833390.2,832841.6,863190.5,905121.1,956799.3,1004410.0,1030624.4,999725.8,880960.7,964323.9,1015190.4,1061710.6,1101963.2,1130720.5,1182708.0,1182021.0,1226648.0,1300598.0
 "00000","United States *", ,SAGDP2N,"Gross domestic product (GDP) by state","Millions of current dollars",14,"321","    Wood product manufacturing",26790.8,27513.2,29366.6,28307.3,27235.5,27265.5,28721.5,32586.7,34725.4,31681.9,29079.4,25622.4,21216.2,23302.8,23640.0,25750.8,30475.3,30941.4,32327.0,34976.0,38124.0,(NA)
 "00000","United States *", ,SAGDP2N,"Gross domestic product (GDP) by state","Millions of current dollars",15,"327","    Nonmetallic mineral product manufacturing",39765.7,40841.1,43218.1,42620.0,41293.8,41806.6,42013.8,45280.8,48841.9,50504.3,50247.3,44745.4,38866.3,38355.0,38838.4,42570.6,47110.4,49358.9,54032.0,57491.0,59548.0,(NA)
 "00000","United States *", ,SAGDP2N,"Gross domestic product (GDP) by state","Millions of current dollars",16,"331","    Primary metal manufacturing",48073.8,48958.2,46177.2,47035.7,40272.0,41679.5,39271.0,54987.3,56260.0,62690.1,64534.5,68817.8,41140.9,50878.0,62455.3,65509.4,62309.9,63806.0,60319.0,56878.0,59835.0,(NA)
 "00000","United States *", ,SAGDP2N,"Gross domestic product (GDP) by state","Millions of current dollars",17,"332","    Fabricated metal product manufacturing",110022.5,111690.7,116033.3,121303.5,110912.1,106091.3,108486.7,114688.5,122369.5,126791.6,134794.3,133115.5,117351.6,119888.6,127179.5,137622.8,141630.9,143539.3,146151.0,144603.0,151870.0,(NA)
 "00000","United States *", ,SAGDP2N,"Gross domestic product (GDP) by state","Millions of current dollars",18,"333","    Machinery manufacturing",102233.3,113779.6,111054.3,113079.4,105362.0,98930.3,97396.3,104147.3,114407.6,121895.6,129533.7,131637.0,118603.4,127197.4,144476.3,152490.1,158168.1,160472.7,153989.0,143665.0,150424.0,(NA)
 "00000","United States *", ,SAGDP2N,"Gross domestic product (GDP) by state","Millions of current dollars",19,"334","    Computer and electronic product manufacturing",195321.3,191746.0,186627.3,225380.0,173500.9,172900.7,193483.6,201504.3,211257.0,224098.1,228324.3,232092.5,223701.0,239820.9,237134.8,240440.8,244043.9,250387.0,267591.0,270726.0,281124.0,(NA)
 "00000","United States *", ,SAGDP2N,"Gross domestic product (GDP) by state","Millions of current dollars",20,"335","    Electrical equipment, appliance, and component manufacturing",46856.2,40568.5,44565.9,45669.9,44279.1,43694.2,45550.1,42069.8,43229.9,51433.2,50274.9,55473.7,50672.7,50708.2,48193.7,51990.6,57968.3,54183.1,62926.0,57604.0,58527.0,(NA)
 "00000","United States *", ,SAGDP2N,"Gross domestic product (GDP) by state","Millions of current dollars",21,"3361-3363","    Motor vehicles, bodies and trailers, and parts manufacturing",112015.3,123851.1,134713.3,137533.6,124964.2,135235.5,143151.4,139136.9,135998.9,134062.6,124937.4,90324.5,47800.8,88695.6,104195.4,115313.4,122761.7,132130.4,145599.0,153619.0,158888.0,(NA)
 "00000","United States *", ,SAGDP2N,"Gross domestic product (GDP) by state","Millions of current dollars",22,"3364-3369","    Other transportation equipment manufacturing",62538.6,66828.7,73806.4,71111.7,76872.7,72963.9,72565.7,75857.4,89746.2,96266.5,114199.8,114518.7,117438.8,120597.4,126822.4,126465.2,133082.2,138603.2,148649.0,145654.0,148065.0,(NA)
 "00000","United States *", ,SAGDP2N,"Gross domestic product (GDP) by state","Millions of current dollars",23,"337","    Furniture and related product manufacturing",27920.5,29655.5,31645.9,33519.1,31201.6,31241.9,30384.5,30984.1,33701.0,34533.3,32502.7,27848.7,22819.5,21835.2,21953.9,22386.0,24008.9,25723.5,28975.0,30192.0,31347.0,(NA)
 "00000","United States *", ,SAGDP2N,"Gross domestic product (GDP) by state","Millions of current dollars",24,"339","    Miscellaneous manufacturing",52254.7,55279.7,57661.2,59225.3,57496.4,61032.4,62165.7,63878.0,66261.6,70452.7,72196.2,75529.6,81349.6,83044.9,80300.6,81170.8,80403.7,81575.0,82149.0,86614.0,88896.0,(NA)
 "00000","United States *", ,SAGDP2N,"Gross domestic product (GDP) by state","Millions of current dollars",25,"311-316,322-326","   Nondurable goods manufacturing",559096.6,579897.4,614063.4,625408.8,640459.5,635650.1,661022.6,702977.0,736642.1,789434.2,814120.6,801118.0,821174.7,832686.4,852375.1,865346.1,889941.0,916630.1,940315.0,903143.0,952985.0,1034005.0
 "00000","United States *", ,SAGDP2N,"Gross domestic product (GDP) by state","Millions of current dollars",26,"311-312","    Food and beverage and tobacco products manufacturing",135203.0,140007.3,161756.0,163231.1,174192.3,175590.5,178948.1,175833.8,178690.6,193853.5,194066.8,199116.9,237813.6,223168.4,209183.7,219257.9,227880.1,239475.8,259376.0,261281.0,269669.0,(NA)
 "00000","United States *", ,SAGDP2N,"Gross domestic product (GDP) by state","Millions of current dollars",27,"313-314","    Textile mills and textile product mills",27395.8,28085.3,28488.7,27984.3,24882.7,24026.0,18712.7,22155.4,20676.5,20079.5,19290.9,17839.6,15126.1,15546.4,15050.4,15936.5,16745.0,17817.2,17833.0,17966.0,18459.0,(NA)
 "00000","United States *", ,SAGDP2N,"Gross domestic product (GDP) by state","Millions of current dollars",28,"315-316","    Apparel, leather, and allied product manufacturing",25164.7,23427.5,22399.5,22155.9,19461.8,18137.9,15487.8,14580.7,13839.2,12860.9,11847.8,11575.8,9874.3,10385.5,10122.2,9996.0,10212.9,9901.4,9653.0,9437.0,9299.0,(NA)
 "00000","United States *", ,SAGDP2N,"Gross domestic product (GDP) by state","Millions of current dollars",29,"322","    Paper manufacturing",55368.8,55857.3,59382.2,62189.7,53502.5,54119.4,51028.2,52744.4,51700.4,57990.0,55722.2,51381.1,59273.9,56306.1,53693.8,52979.9,56316.0,56740.2,59207.0,57732.0,58892.0,(NA)
 "00000","United States *", ,SAGDP2N,"Gross domestic product (GDP) by state","Millions of current dollars",30,"323","    Printing and related support activities",37437.7,39684.6,42163.1,43682.9,42721.4,42135.6,42188.5,42753.8,44477.7,46826.7,47693.2,45186.4,39657.4,39418.8,38706.9,38345.0,38937.8,39018.6,39959.0,39978.0,39180.0,(NA)
 "00000","United States *", ,SAGDP2N,"Gross domestic product (GDP) by state","Millions of current dollars",31,"324","    Petroleum and coal products manufacturing",47512.3,50115.5,45200.9,52706.2,68344.7,50723.0,81258.8,104213.7,141161.9,139987.9,154505.3,154572.2,110750.1,123448.1,158092.2,157973.7,150553.2,157465.6,144854.0,89565.0,120698.0,(NA)
 "00000","United States *", ,SAGDP2N,"Gross domestic product (GDP) by state","Millions of current dollars",32,"325","    Chemical manufacturing",173407.6,180959.9,188663.8,187916.2,193820.0,207880.7,210668.3,226842.7,223146.4,253833.6,267723.2,265404.2,288269.5,302645.5,304616.8,303364.4,320313.9,329187.0,331856.0,346670.0,353975.0,(NA)
 "00000","United States *", ,SAGDP2N,"Gross domestic product (GDP) by state","Millions of current dollars",33,"326","    Plastics and rubber products manufacturing",57606.8,61760.0,66009.2,65542.5,63534.2,63037.1,62730.1,63852.5,62949.4,64002.2,63271.2,56041.8,60409.8,61767.6,62909.1,67492.7,68982.1,67024.4,77576.0,80514.0,82812.0,(NA)
 "00000","United States *", ,SAGDP2N,"Gross domestic product (GDP) by state","Millions of current dollars",34,"42","  Wholesale trade",527539.0,563734.8,584013.0,622623.7,613751.8,613146.7,641449.9,697110.4,754948.7,811473.5,857827.0,884319.3,834180.4,888905.2,934906.6,997353.2,1040067.2,1088165.9,1141709.0,1136576.0,1174123.0,1234033.0
 "00000","United States *", ,SAGDP2N,"Gross domestic product (GDP) by state","Millions of current dollars",35,"44-45","  Retail trade",579917.5,626912.0,652621.5,685504.3,709491.6,732632.4,769609.8,795568.2,840827.0,869941.1,869218.5,848675.1,827625.0,851507.9,871931.5,908415.2,949450.8,973759.2,1021386.0,1051967.0,1087107.0,1132486.0
 "00000","United States *", ,SAGDP2N,"Gross domestic product (GDP) by state","Millions of current dollars",36,"48-49","  Transportation and warehousing",257254.5,279996.8,290034.4,307828.9,308058.1,305677.0,321443.9,352061.6,375824.0,410382.4,413903.7,426803.2,404625.9,433035.6,451444.0,471964.7,491098.9,521927.9,563375.0,577445.0,608735.0,648036.0
 "00000","United States *", ,SAGDP2N,"Gross domestic product (GDP) by state","Millions of current dollars",37,"481","   Air transportation",54657.4,55170.3,57661.8,58102.8,49206.8,52049.4,54619.8,60834.1,61711.2,68041.0,73200.4,68703.6,71696.9,84177.4,84645.5,87825.7,94081.4,102908.0,116881.0,128711.0,135733.0,(NA)
 "00000","United States *", ,SAGDP2N,"Gross domestic product (GDP) by state","Millions of current dollars",38,"482","   Rail transportation",19966.1,22201.6,22581.5,23293.8,23334.7,21723.3,23445.9,25241.0,28014.7,32115.3,32372.0,37233.6,32913.8,33708.0,36451.1,39593.4,40802.5,43720.6,43734.0,39568.0,40479.0,(NA)
 "00000","United States *", ,SAGDP2N,"Gross domestic product (GDP) by state","Millions of current dollars",39,"483","   Water transportation",6563.7,6479.3,6625.6,8048.3,8256.0,7038.0,8225.2,8638.8,8831.0,12715.1,14218.3,16425.6,15621.0,14633.9,14067.1,13116.9,16420.9,16151.5,15639.0,13585.0,14026.0,(NA)
 "00000","United States *", ,SAGDP2N,"Gross domestic product (GDP) by state","Millions of current dollars",40,"484","   Truck transportation",77138.4,85591.9,92336.2,98045.6,97232.7,97118.0,101404.5,109115.4,116906.7,125497.6,123651.1,120442.7,109517.6,113388.4,121707.5,128020.7,130827.5,140881.7,148594.0,146446.0,152754.0,(NA)
 "00000","United States *", ,SAGDP2N,"Gross domestic product (GDP) by state","Millions of current dollars",41,"485","   Transit and ground passenger transportation",15122.6,16162.0,17675.5,18455.4,19039.1,19463.4,21413.0,23041.5,23560.5,25877.7,26272.4,28118.6,29419.0,31356.5,34094.2,36312.7,37886.7,40417.3,41544.0,41675.0,44345.0,(NA)
 "00000","United States *", ,SAGDP2N,"Gross domestic product (GDP) by state","Millions of current dollars",42,"486","   Pipeline transportation",6952.7,9802.8,10438.3,9363.0,16074.1,10036.8,10330.3,10650.5,9863.8,10732.2,13011.7,16294.4,14638.2,20205.8,21524.5,25225.4,26917.7,30225.8,36315.0,38698.0,40717.0,(NA)
 "00000","United States *", ,SAGDP2N,"Gross domestic product (GDP) by state","Millions of current dollars",43,"487-488, 492","   Other transportation and support activities",55861.7,59813.0,58113.5,65855.8,69126.1,71694.5,73270.2,80941.4,88844.7,94605.4,89911.8,94355.8,85655.3,90432.8,93858.5,94741.0,96919.2,99875.2,107111.0,110537.0,117085.0,(NA)
 "00000","United States *", ,SAGDP2N,"Gross domestic product (GDP) by state","Millions of current dollars",44,"493","   Warehousing and storage",20991.9,24775.9,24602.1,26664.3,25788.6,26553.4,28735.0,33599.0,38091.3,40798.2,41266.1,45228.9,45164.2,45132.7,45095.7,47128.9,47242.9,47747.8,53558.0,58224.0,63596.0,(NA)
 "00000","United States *", ,SAGDP2N,"Gross domestic product (GDP) by state","Millions of current dollars",45,"51","  Information",394074.3,434630.5,485007.0,471299.0,502386.2,550581.7,564861.2,620362.9,642338.0,651994.6,706937.4,742961.3,721921.8,753280.0,759818.5,758951.9,828927.9,840642.2,915031.0,998051.0,1050767.0,1125876.0
 "00000","United States *", ,SAGDP2N,"Gross domestic product (GDP) by state","Millions of current dollars",46,"511","   Publishing industries (except Internet)",97171.1,108229.9,139070.5,115898.3,116131.7,136930.6,145595.6,160589.8,172650.1,162231.7,191672.8,189045.7,178456.1,186786.2,194582.1,201354.9,210189.5,215364.0,224545.0,246873.0,266860.0,(NA)
 "00000","United States *", ,SAGDP2N,"Gross domestic product (GDP) by state","Millions of current dollars",47,"512","   Motion picture and sound recording industries",40289.0,48945.6,60290.8,54162.8,65306.9,71669.8,68540.7,74481.7,63071.5,67527.7,76466.2,79736.3,82289.8,91100.1,84814.3,82435.9,82792.6,82132.6,87459.0,91126.0,91408.0,(NA)
 "00000","United States *", ,SAGDP2N,"Gross domestic product (GDP) by state","Millions of current dollars",48,"515, 517","   Broadcasting (except Internet) and telecommunications",226339.6,241838.2,256211.9,276987.1,281430.1,280805.7,287605.4,311133.4,334668.8,340297.9,373634.0,391412.0,374833.7,374614.5,366182.6,370375.5,404765.9,394590.3,414729.0,427494.0,428939.0,(NA)
 "00000","United States *", ,SAGDP2N,"Gross domestic product (GDP) by state","Millions of current dollars",49,"518, 519","   Data processing, hosting, and other information services",30274.6,35616.7,29433.8,24250.8,39517.5,61175.6,63119.5,74158.1,71947.6,81937.3,65164.3,82767.3,86342.3,100779.2,114239.5,104785.6,131179.9,148555.2,188298.0,232558.0,263559.0,(NA)
 "00000","United States *", ,SAGDP2N,"Gross domestic product (GDP) by state","Millions of current dollars",50,"52, 53","  Finance, insurance, real estate, rental, and leasing",1612356.1,1710106.5,1837116.1,1974728.5,2128100.6,2216959.8,2295917.8,2389114.0,2606173.3,2743923.6,2848272.3,2762742.2,2867666.0,2942970.3,3045324.0,3260964.3,3322790.2,3552940.3,3754622.0,3929845.0,4057129.0,4239300.0
 "00000","United States *", ,SAGDP2N,"Gross domestic product (GDP) by state","Millions of current dollars",51,"52","   Finance and insurance",577187.4,637934.9,675072.9,743055.5,803102.7,816432.1,846319.1,872386.6,973705.3,1034191.6,1030549.1,873248.3,966603.8,1003613.2,1026042.1,1162805.3,1144934.5,1281973.0,1362723.0,1432689.0,1465909.0,1514181.0
 "00000","United States *", ,SAGDP2N,"Gross domestic product (GDP) by state","Millions of current dollars",52,"521-522","    Monetary Authorities- central bank, credit intermediation, and related services",233146.3,266960.5,303781.8,320329.5,343229.2,385582.2,401384.6,374341.1,408102.6,418894.7,404212.3,409436.0,398887.5,417828.7,454987.6,511382.4,498645.8,548094.9,574646.0,591452.0,617032.0,(NA)
 "00000","United States *", ,SAGDP2N,"Gross domestic product (GDP) by state","Millions of current dollars",53,"523","    Securities, commodity contracts, and other financial investments and related activities",121295.6,121113.2,120042.3,132964.9,182632.3,162624.9,144081.7,154873.1,193767.6,221576.5,198205.1,92231.5,185921.3,196442.8,173691.9,233027.2,249456.4,228088.4,228303.0,267692.0,291401.0,(NA)
 "00000","United States *", ,SAGDP2N,"Gross domestic product (GDP) by state","Millions of current dollars",54,"524","    Insurance carriers and related activities",215595.3,236736.6,234308.1,274516.9,262034.3,251216.1,280677.7,322198.1,348403.5,372531.5,405711.9,349156.3,365878.2,372810.3,384315.8,405457.3,384273.6,485245.4,542201.0,557548.0,540782.0,(NA)
 "00000","United States *", ,SAGDP2N,"Gross domestic product (GDP) by state","Millions of current dollars",55,"525","    Funds, trusts, and other financial vehicles",7150.3,13124.6,16940.7,15244.2,15206.9,17008.8,20175.2,20974.2,23431.6,21188.9,22419.8,22424.6,15916.8,16531.4,13046.8,12938.4,12558.7,20544.3,17575.0,15996.0,16694.0,(NA)
 "00000","United States *", ,SAGDP2N,"Gross domestic product (GDP) by state","Millions of current dollars",56,"53","   Real estate and rental and leasing",1035168.7,1072171.6,1162043.2,1231673.1,1324997.9,1400527.8,1449598.7,1516727.4,1632468.0,1709732.0,1817723.3,1889493.9,1901062.3,1939357.1,2019282.0,2098159.1,2177855.7,2270967.3,2391898.0,2497156.0,2591221.0,2725119.0
 "00000","United States *", ,SAGDP2N,"Gross domestic product (GDP) by state","Millions of current dollars",57,"531","    Real estate",929207.3,959173.4,1034893.8,1095794.8,1176613.4,1254091.4,1307102.2,1377948.7,1489154.1,1541722.0,1653624.2,1711085.4,1737982.9,1779448.9,1856733.8,1925430.8,1995475.8,2081180.4,2181569.0,2277657.0,2367513.0,(NA)
 "00000","United States *", ,SAGDP2N,"Gross domestic product (GDP) by state","Millions of current dollars",58,"532-533","    Rental and leasing services and lessors of nonfinancial intangible assets",105961.4,112998.2,127149.4,135878.3,148384.5,146436.3,142496.5,138778.7,143313.9,168009.9,164099.1,178408.6,163079.4,159908.2,162548.2,172728.3,182379.9,189786.9,210329.0,219499.0,223707.0,(NA)
 "00000","United States *", ,SAGDP2N,"Gross domestic product (GDP) by state","Millions of current dollars",59,"54, 55, 56","  Professional and business services",840553.3,913999.2,997160.2,1105069.4,1155475.4,1189855.6,1247433.9,1341034.6,1446405.6,1546639.8,1666712.4,1777103.5,1688720.3,1766835.7,1856659.3,1964657.6,2017288.8,2117940.0,2233263.0,2298999.0,2426347.0,2576211.0
 "00000","United States *", ,SAGDP2N,"Gross domestic product (GDP) by state","Millions of current dollars",60,"54","   Professional, scientific, and technical services",499682.0,543091.2,595947.6,651843.7,686775.6,714721.3,741331.4,792390.3,852400.8,917072.2,984929.0,1082135.1,1031282.1,1063884.4,1124558.4,1188531.8,1208524.3,1266967.2,1342381.0,1381062.0,1449993.0,1548260.0
 "00000","United States *", ,SAGDP2N,"Gross domestic product (GDP) by state","Millions of current dollars",61,"5411","    Legal services",103987.2,113730.6,120708.7,129160.4,140666.6,149234.3,165257.9,180814.3,195176.2,204563.8,217435.1,240611.1,212157.4,204423.3,215461.7,216697.0,218864.4,225872.9,232744.0,246046.0,257791.0,(NA)
 "00000","United States *", ,SAGDP2N,"Gross domestic product (GDP) by state","Millions of current dollars",62,"5415","    Computer systems design and related services",75488.0,88994.0,102978.3,114077.0,118176.8,110196.8,115754.6,122926.4,134928.5,148966.4,167080.0,181338.0,188914.8,202792.9,224500.9,252274.2,254897.0,265473.5,283156.0,301557.0,323080.0,(NA)
 "00000","United States *", ,SAGDP2N,"Gross domestic product (GDP) by state","Millions of current dollars",63,"5412-5414, 5416-5419","    Miscellaneous professional, scientific, and technical services",320206.7,340366.7,372260.6,408606.2,427932.1,455290.2,460319.0,488649.6,522296.2,563542.0,600413.8,660186.0,630210.0,656668.2,684595.8,719560.6,734762.8,775620.8,826480.0,833459.0,869123.0,(NA)
 "00000","United States *", ,SAGDP2N,"Gross domestic product (GDP) by state","Millions of current dollars",64,"55","   Management of companies and enterprises",125466.6,139111.2,148497.6,171127.7,173619.6,174967.3,185600.5,203127.9,214112.3,230477.5,251156.9,256415.7,245031.3,265388.1,277962.8,302195.2,319700.3,333198.3,345580.0,348387.0,369380.0,387120.0
 "00000","United States *", ,SAGDP2N,"Gross domestic product (GDP) by state","Millions of current dollars",65,"56","   Administrative and support and waste management and remediation services",215404.8,231796.8,252715.0,282098.0,295080.3,300167.0,320502.0,345516.4,379892.4,399090.1,430626.5,438552.7,412406.9,437563.3,454138.1,473930.6,489064.2,517774.5,545303.0,569551.0,606974.0,640831.0
 "00000","United States *", ,SAGDP2N,"Gross domestic product (GDP) by state","Millions of current dollars",66,"561","    Administrative and support services",193545.7,209088.9,227709.2,255954.4,266608.8,269808.9,288256.1,313574.2,346260.2,367412.8,395157.9,401643.5,373966.6,389804.0,411693.2,431229.8,445864.7,471509.9,493948.0,513398.0,546226.0,(NA)
 "00000","United States *", ,SAGDP2N,"Gross domestic product (GDP) by state","Millions of current dollars",67,"562","    Waste management and remediation services",21859.0,22707.8,25005.8,26143.6,28471.5,30358.0,32245.8,31942.2,33632.3,31677.3,35468.6,36909.2,38440.3,47759.2,42444.9,42700.8,43199.4,46264.6,51355.0,56153.0,60748.0,(NA)
 "00000","United States *", ,SAGDP2N,"Gross domestic product (GDP) by state","Millions of current dollars",68,"61, 62","  Educational services, health care, and social assistance",590585.3,615762.5,653949.2,695441.1,749894.9,807029.6,862800.1,927339.0,970491.2,1035449.6,1087931.7,1184814.6,1267492.7,1310657.1,1354712.8,1407363.9,1447191.6,1492551.6,1563494.0,1639365.0,1700275.0,1780260.0
 "00000","United States *", ,SAGDP2N,"Gross domestic product (GDP) by state","Millions of current dollars",69,"61","   Educational services",77077.8,79943.4,87668.8,95235.3,101705.4,106491.0,116775.5,129073.3,133228.4,142922.8,151528.4,167783.3,188330.9,198870.7,206047.7,213882.6,217461.7,226190.3,234453.0,244056.0,245556.0,254198.0
 "00000","United States *", ,SAGDP2N,"Gross domestic product (GDP) by state","Millions of current dollars",70,"62","   Health care and social assistance",513507.5,535819.1,566280.5,600205.8,648189.6,700538.6,746024.6,798265.7,837262.8,892526.9,936403.2,1017031.3,1079161.8,1111786.4,1148665.1,1193481.3,1229730.0,1266361.3,1329041.0,1395309.0,1454718.0,1526062.0
 "00000","United States *", ,SAGDP2N,"Gross domestic product (GDP) by state","Millions of current dollars",71,"621","    Ambulatory health care services",250898.6,258579.9,271197.6,288376.2,310977.1,334114.6,350508.5,375151.5,396997.0,423146.8,442346.5,480889.9,507366.2,531629.9,554863.5,573535.5,593522.9,611254.9,641510.0,679310.0,708287.0,(NA)
 "00000","United States *", ,SAGDP2N,"Gross domestic product (GDP) by state","Millions of current dollars",72,"622","    Hospitals",165219.4,173125.5,182264.2,190093.2,206873.8,225910.8,244874.3,265194.4,274988.9,294767.9,310765.5,339925.2,367573.7,369826.6,382028.5,398066.6,405705.4,416609.6,438807.0,454485.0,473442.0,(NA)
 "00000","United States *", ,SAGDP2N,"Gross domestic product (GDP) by state","Millions of current dollars",73,"623","    Nursing and residential care facilities",57906.6,61095.4,64937.0,69126.5,74506.5,80809.4,85564.7,90176.7,92833.1,97713.6,102480.8,110550.9,116458.0,120663.6,123176.5,125928.0,129068.1,132518.6,136857.0,142240.0,146281.0,(NA)
 "00000","United States *", ,SAGDP2N,"Gross domestic product (GDP) by state","Millions of current dollars",74,"624","    Social assistance",39482.9,43018.3,47881.7,52609.9,55832.3,59703.8,65077.2,67743.1,72443.7,76898.6,80810.4,85665.3,87763.8,89666.4,88596.6,95951.2,101433.5,105978.2,111867.0,119275.0,126709.0,(NA)
 "00000","United States *", ,SAGDP2N,"Gross domestic product (GDP) by state","Millions of current dollars",75,"71, 72","  Arts, entertainment, recreation, accommodation, and food services",301782.1,322092.8,354054.2,386539.9,390727.7,413526.5,432128.4,461170.0,481237.8,511536.8,533504.1,542721.2,533281.0,555795.1,580916.7,621360.8,651327.4,690051.4,737340.0,770803.0,804737.0,839128.0
 "00000","United States *", ,SAGDP2N,"Gross domestic product (GDP) by state","Millions of current dollars",76,"71","   Arts, entertainment, and recreation",80140.5,82845.2,90393.3,98994.4,96728.4,103788.0,111038.5,117867.2,122217.3,130479.1,137411.2,143182.8,144636.8,152246.6,158311.6,171233.5,177399.4,188766.6,192761.0,203649.0,214148.0,223496.0
 "00000","United States *", ,SAGDP2N,"Gross domestic product (GDP) by state","Millions of current dollars",77,"711-712","    Performing arts, spectator sports, museums, and related activities",37156.0,40614.3,44490.2,49307.6,51823.2,56941.0,61964.2,65084.2,67097.2,73500.3,75572.0,81449.8,84866.7,87730.8,92713.7,101344.6,104262.2,112255.0,112588.0,118650.0,125669.0,(NA)
 "00000","United States *", ,SAGDP2N,"Gross domestic product (GDP) by state","Millions of current dollars",78,"713","    Amusement, gambling, and recreation industries",42984.5,42230.9,45903.1,49686.8,44905.2,46847.0,49074.3,52783.0,55120.2,56978.7,61839.1,61733.0,59770.0,64515.8,65597.9,69888.8,73137.2,76511.6,80173.0,84999.0,88479.0,(NA)
 "00000","United States *", ,SAGDP2N,"Gross domestic product (GDP) by state","Millions of current dollars",79,"72","   Accommodation and food services",221641.5,239247.7,263660.9,287545.5,293999.3,309738.5,321090.0,343302.8,359020.4,381057.7,396092.9,399538.4,388644.2,403548.5,422605.1,450127.3,473928.0,501284.9,544579.0,567153.0,590589.0,615632.0
 "00000","United States *", ,SAGDP2N,"Gross domestic product (GDP) by state","Millions of current dollars",80,"721","    Accommodation",70738.4,75678.2,84153.4,93338.7,90079.9,92676.1,94153.1,102385.5,108938.2,115982.4,124472.8,123450.4,107431.6,112075.7,121826.0,128604.9,136678.0,142949.2,156072.0,158137.0,163175.0,(NA)
 "00000","United States *", ,SAGDP2N,"Gross domestic product (GDP) by state","Millions of current dollars",81,"722","    Food services and drinking places",150903.2,163569.5,179507.5,194206.9,203919.4,217062.4,226936.8,240917.3,250082.2,265075.3,271620.1,276087.9,281212.6,291472.8,300779.1,321522.5,337249.9,358335.7,388507.0,409016.0,427414.0,(NA)
 "00000","United States *", ,SAGDP2N,"Gross domestic product (GDP) by state","Millions of current dollars",82,"81","  Other services (except government and government enterprises)",230311.1,248731.7,260827.1,279734.9,265574.4,284895.3,283817.8,297277.7,310698.7,325045.3,330483.0,330267.7,326534.9,327991.5,333090.3,347990.8,356281.9,376258.2,392522.0,401787.0,416083.0,434697.0
 "00000","United States *", ,SAGDP2N,"Gross domestic product (GDP) by state","Millions of current dollars",83,"..."," Government and government enterprises",1145562.9,1191318.6,1252348.9,1323025.1,1392934.0,1474399.4,1552345.1,1631270.6,1710271.3,1791997.4,1887064.2,1981607.6,2045053.1,2107964.1,2137061.1,2159488.6,2212508.2,2271716.2,2340490.0,2387831.0,2453704.0,2504720.0
 "00000","United States *", ,SAGDP2N,"Gross domestic product (GDP) by state","Millions of current dollars",84,"...","  Federal civilian",221047.5,227254.7,235313.8,248424.0,250646.5,269639.0,284775.4,299366.4,309245.4,321574.3,334853.2,346665.0,362701.6,384755.5,391390.4,391419.3,386057.1,401506.5,421695.0,436039.0,449253.0,(NA)
 "00000","United States *", ,SAGDP2N,"Gross domestic product (GDP) by state","Millions of current dollars",85,"...","  Military",169679.0,169176.9,170683.9,175110.1,179772.6,192848.3,214103.8,226146.4,242028.1,253974.0,267041.1,285544.9,300624.8,312688.6,320860.5,322465.8,317749.0,314560.0,310627.0,308762.0,310643.0,(NA)
 "00000","United States *", ,SAGDP2N,"Gross domestic product (GDP) by state","Millions of current dollars",86,"...","  State and local",754836.3,794886.8,846350.9,899490.5,962514.6,1011911.8,1053465.5,1105757.6,1158998.2,1216449.0,1285170.4,1349397.9,1381726.7,1410520.2,1424810.6,1445603.4,1508702.0,1555650.2,1608167.0,1643029.0,1693809.0,(NA)
 "00000","United States *", ,SAGDP2N,"Gross domestic product (GDP) by state","Millions of current dollars",87,"11, 21","Natural resources and mining",203698.0,181448.1,177133.6,208893.0,223760.0,208046.0,252953.3,309462.7,354024.2,398452.0,458025.2,539418.6,405808.7,452137.1,537260.3,538370.3,602119.3,613846.8,439070.0,381131.0,437843.0,485307.0
 "00000","United States *", ,SAGDP2N,"Gross domestic product (GDP) by state","Millions of current dollars",88,"42, 44-45","Trade",1107456.5,1190646.9,1236634.5,1308128.0,1323243.4,1345779.1,1411059.8,1492678.6,1595775.8,1681414.6,1727045.5,1732994.5,1661805.5,1740413.1,1806838.1,1905768.3,1989518.1,2061925.1,2163093.0,2188542.0,2261229.0,2366519.0
 "00000","United States *", ,SAGDP2N,"Gross domestic product (GDP) by state","Millions of current dollars",89,"...","Transportation and utilities",428733.6,443681.5,469899.9,487951.3,489390.6,483294.7,505473.1,551278.1,573966.8,637230.7,645810.7,668489.5,662866.9,711872.7,738903.1,751615.3,777439.2,820082.0,862409.0,880163.0,916230.0,967464.0
 "00000","United States *", ,SAGDP2N,"Gross domestic product (GDP) by state","Millions of current dollars",90,"...","Private goods-producing industries 2/",1926139.4,1991848.1,2083667.0,2220428.2,2184094.2,2170097.3,2302406.7,2502203.5,2699281.7,2889379.0,3018097.5,2989141.9,2673590.9,2774273.2,2929257.1,3018845.9,3181576.0,3297639.6,3257029.0,3211804.0,3398890.0,3659905.0
 "00000","United States *", ,SAGDP2N,"Gross domestic product (GDP) by state","Millions of current dollars",91,"...","Private services-providing industries 3/",5505852.2,5879651.6,6294648.3,6708892.2,7004793.2,7291922.4,7603492.0,8080255.0,8627087.2,9133235.0,9546697.0,9742094.6,9730289.1,10109815.5,10476262.9,11018672.9,11390765.0,11952390.8,12621779.0,13107554.0,13632799.0,14329454.0
 "00000","United States *", ,SAGDP2N,"Gross domestic product (GDP) by state","Millions of current dollars",100,"...","All industry total, overseas activity",66542.6,65891.5,65337.1,65914.6,66282.6,67596.7,72768.3,75967.5,79304.0,82665.9,86024.5,91384.7,98144.0,103914.3,111188.9,113231.2,113314.9,113874.1,111925.0,112870.0,113308.0,108715.0
 "00000","United States *", ,SAGDP2N,"Gross domestic product (GDP) by state","Millions of current dollars",101,"...","Government and government enterprises, overseas activity",66542.6,65891.5,65337.1,65914.6,66282.6,67596.7,72768.3,75967.5,79304.0,82665.9,86024.5,91384.7,98144.0,103914.3,111188.9,113231.2,113314.9,113874.1,111925.0,112870.0,113308.0,108715.0
 "00000","United States *", ,SAGDP2N,"Gross domestic product (GDP) by state","Millions of current dollars",102,"...","Federal civilian, overseas activity",2895.0,3015.0,3063.0,3137.0,3324.0,3405.0,3762.0,3962.0,4008.0,3501.0,3166.0,3663.0,4126.0,4544.0,4711.0,4452.0,4486.5,4540.4,5211.0,5366.0,5384.0,(NA)
 "00000","United States *", ,SAGDP2N,"Gross domestic product (GDP) by state","Millions of current dollars",103,"...","Military, overseas activity",63647.6,62876.5,62274.1,62777.6,62958.6,64191.7,69006.3,72005.5,75296.0,79164.9,82858.5,87721.7,94018.0,99370.3,106477.9,108779.2,108828.4,109333.7,106714.0,107505.0,107924.0,(NA)
"Note: See the included footnote file."
"SAGDP2N: Gross domestic product (GDP) by state 1/"
"Last updated: May 1, 2019-- new statistics for 2018; revised statistics for 2015-2017."
"Source: U.S. Department of Commerce / Bureau of Economic Analysis / Regional Economic Accounts"
